full_auroc,full_auprc,idr_auroc,idr_auprc,struct_auroc,struct_auprc
0.5173344723691946,0.21549571297631281,0.3914979876893939,0.06806984373643749,0.43845864146809094,0.2759272568366059
