approach,auroc,auprc
ESM2_LLR,0.6962065010663356,0.3369598186863707
ESM2_features,0.5997366986567354,0.2381796476176878
Handcrafted,0.5177549357811306,0.18244739815367186
Combined,0.557179761108989,0.19964595879179964
