method,auroc,auprc
esm2_only,0.6762495713305898,0.36639838667611824
membership_only,0.7292015726043504,0.6234488757539628
membership_plus_llr,0.7656813394081913,0.43062530848760483
membership_plus_llr_plus_features,0.7840969772682735,0.45303582282028687
